{
    "name": "root",
    "gauges": {
        "AvoidAgent.Policy.Entropy.mean": {
            "value": 1.4047514200210571,
            "min": 1.4047514200210571,
            "max": 1.4189382791519165,
            "count": 10
        },
        "AvoidAgent.Policy.Entropy.sum": {
            "value": 14064.37109375,
            "min": 14026.9677734375,
            "max": 14422.0888671875,
            "count": 10
        },
        "AvoidAgent.Environment.EpisodeLength.mean": {
            "value": 42.973684210526315,
            "min": 36.13026819923372,
            "max": 45.0,
            "count": 10
        },
        "AvoidAgent.Environment.EpisodeLength.sum": {
            "value": 9798.0,
            "min": 9430.0,
            "max": 10125.0,
            "count": 10
        },
        "AvoidAgent.Step.mean": {
            "value": 99985.0,
            "min": 9991.0,
            "max": 99985.0,
            "count": 10
        },
        "AvoidAgent.Step.sum": {
            "value": 99985.0,
            "min": 9991.0,
            "max": 99985.0,
            "count": 10
        },
        "AvoidAgent.Policy.ExtrinsicValueEstimate.mean": {
            "value": -0.2957354485988617,
            "min": -0.3026086688041687,
            "max": 0.060733016580343246,
            "count": 10
        },
        "AvoidAgent.Policy.ExtrinsicValueEstimate.sum": {
            "value": -90.79078674316406,
            "min": -101.3739013671875,
            "max": 19.00943374633789,
            "count": 10
        },
        "AvoidAgent.Environment.CumulativeReward.mean": {
            "value": -0.7820264252009371,
            "min": -0.8149733802891502,
            "max": -0.7717511024740007,
            "count": 10
        },
        "AvoidAgent.Environment.CumulativeReward.sum": {
            "value": -177.51999852061272,
            "min": -214.33799901604652,
            "max": -173.64399805665016,
            "count": 10
        },
        "AvoidAgent.Policy.ExtrinsicReward.mean": {
            "value": -0.7820264252009371,
            "min": -0.8149733802891502,
            "max": -0.7717511024740007,
            "count": 10
        },
        "AvoidAgent.Policy.ExtrinsicReward.sum": {
            "value": -177.51999852061272,
            "min": -214.33799901604652,
            "max": -173.64399805665016,
            "count": 10
        },
        "AvoidAgent.IsTraining.mean": {
            "value": 1.0,
            "min": 1.0,
            "max": 1.0,
            "count": 10
        },
        "AvoidAgent.IsTraining.sum": {
            "value": 1.0,
            "min": 1.0,
            "max": 1.0,
            "count": 10
        },
        "AvoidAgent.Losses.PolicyLoss.mean": {
            "value": 0.044298227557495316,
            "min": 0.044298227557495316,
            "max": 0.04663583798149678,
            "count": 2
        },
        "AvoidAgent.Losses.PolicyLoss.sum": {
            "value": 0.044298227557495316,
            "min": 0.044298227557495316,
            "max": 0.04663583798149678,
            "count": 2
        },
        "AvoidAgent.Losses.ValueLoss.mean": {
            "value": 0.07777275589760393,
            "min": 0.07777275589760393,
            "max": 0.11863515231137474,
            "count": 2
        },
        "AvoidAgent.Losses.ValueLoss.sum": {
            "value": 0.07777275589760393,
            "min": 0.07777275589760393,
            "max": 0.11863515231137474,
            "count": 2
        },
        "AvoidAgent.Policy.LearningRate.mean": {
            "value": 0.0002877090040970001,
            "min": 0.0002877090040970001,
            "max": 0.00029385555204814996,
            "count": 2
        },
        "AvoidAgent.Policy.LearningRate.sum": {
            "value": 0.0002877090040970001,
            "min": 0.0002877090040970001,
            "max": 0.00029385555204814996,
            "count": 2
        },
        "AvoidAgent.Policy.Epsilon.mean": {
            "value": 0.19590299999999997,
            "min": 0.19590299999999997,
            "max": 0.19795184999999996,
            "count": 2
        },
        "AvoidAgent.Policy.Epsilon.sum": {
            "value": 0.19590299999999997,
            "min": 0.19590299999999997,
            "max": 0.19795184999999996,
            "count": 2
        },
        "AvoidAgent.Policy.Beta.mean": {
            "value": 0.00047992470000000014,
            "min": 0.00047992470000000014,
            "max": 0.0004899640649999999,
            "count": 2
        },
        "AvoidAgent.Policy.Beta.sum": {
            "value": 0.00047992470000000014,
            "min": 0.00047992470000000014,
            "max": 0.0004899640649999999,
            "count": 2
        }
    },
    "metadata": {
        "timer_format_version": "0.1.0",
        "start_time_seconds": "1763724925",
        "python_version": "3.9.7 | packaged by conda-forge | (default, Sep 29 2021, 19:22:19) \n[Clang 11.1.0 ]",
        "command_line_arguments": "/Users/chenjunshuo/miniforge3/envs/unity/bin/mlagents-learn config/avoid_env.yaml --run-id=run2 --force",
        "mlagents_version": "0.30.0",
        "mlagents_envs_version": "0.30.0",
        "communication_protocol_version": "1.5.0",
        "pytorch_version": "1.11.0",
        "numpy_version": "1.21.2",
        "end_time_seconds": "1763725082"
    },
    "total": 157.23654150000002,
    "count": 1,
    "self": 0.002408625000015263,
    "children": {
        "run_training.setup": {
            "total": 0.010243957999999997,
            "count": 1,
            "self": 0.010243957999999997
        },
        "TrainerController.start_learning": {
            "total": 157.223888917,
            "count": 1,
            "self": 0.17487512799911542,
            "children": {
                "TrainerController._reset_env": {
                    "total": 10.791873667,
                    "count": 1,
                    "self": 10.791873667
                },
                "TrainerController.advance": {
                    "total": 146.1658997050009,
                    "count": 28851,
                    "self": 0.17499175800062972,
                    "children": {
                        "env_step": {
                            "total": 134.25844540900073,
                            "count": 28851,
                            "self": 126.49419027599967,
                            "children": {
                                "SubprocessEnvManager._take_step": {
                                    "total": 7.641818269000071,
                                    "count": 28851,
                                    "self": 0.34579717000068655,
                                    "children": {
                                        "TorchPolicy.evaluate": {
                                            "total": 7.296021098999384,
                                            "count": 27051,
                                            "self": 7.296021098999384
                                        }
                                    }
                                },
                                "workers": {
                                    "total": 0.12243686400098142,
                                    "count": 28850,
                                    "self": 0.0,
                                    "children": {
                                        "worker_root": {
                                            "total": 137.21674340899895,
                                            "count": 28850,
                                            "is_parallel": true,
                                            "self": 27.462184206001893,
                                            "children": {
                                                "steps_from_proto": {
                                                    "total": 0.0007734999999993164,
                                                    "count": 1,